<?xml version="1.0" encoding="UTF-8" standalone="no"?>
<Context docBase="/Users/yeji/Desktop/poscodx2023/eclipse-workspace/mysite/mysite02/src/main/webapp">
  <Resources cacheMaxSize="10240">
    <PreResources base="/Users/yeji/Desktop/intelli-workspace/mysite-main/mysite03/target/classes" className="org.apache.catalina.webresources.DirResourceSet" webAppMount="/WEB-INF/classes"/>
    <PostResources base="/Users/yeji/.m2/repository/org/springframework/spring-context/5.3.25/spring-context-5.3.25.jar" className="org.apache.catalina.webresources.FileResourceSet" webAppMount="/WEB-INF/lib/spring-context-5.3.25.jar"/>
    <PostResources base="/Users/yeji/.m2/repository/org/springframework/spring-aop/5.3.25/spring-aop-5.3.25.jar" className="org.apache.catalina.webresources.FileResourceSet" webAppMount="/WEB-INF/lib/spring-aop-5.3.25.jar"/>
    <PostResources base="/Users/yeji/.m2/repository/org/springframework/spring-beans/5.3.25/spring-beans-5.3.25.jar" className="org.apache.catalina.webresources.FileResourceSet" webAppMount="/WEB-INF/lib/spring-beans-5.3.25.jar"/>
    <PostResources base="/Users/yeji/.m2/repository/org/springframework/spring-core/5.3.25/spring-core-5.3.25.jar" className="org.apache.catalina.webresources.FileResourceSet" webAppMount="/WEB-INF/lib/spring-core-5.3.25.jar"/>
    <PostResources base="/Users/yeji/.m2/repository/org/springframework/spring-jcl/5.3.25/spring-jcl-5.3.25.jar" className="org.apache.catalina.webresources.FileResourceSet" webAppMount="/WEB-INF/lib/spring-jcl-5.3.25.jar"/>
    <PostResources base="/Users/yeji/.m2/repository/org/springframework/spring-expression/5.3.25/spring-expression-5.3.25.jar" className="org.apache.catalina.webresources.FileResourceSet" webAppMount="/WEB-INF/lib/spring-expression-5.3.25.jar"/>
    <PostResources base="/Users/yeji/.m2/repository/org/springframework/spring-web/5.3.25/spring-web-5.3.25.jar" className="org.apache.catalina.webresources.FileResourceSet" webAppMount="/WEB-INF/lib/spring-web-5.3.25.jar"/>
    <PostResources base="/Users/yeji/.m2/repository/org/springframework/spring-webmvc/5.3.25/spring-webmvc-5.3.25.jar" className="org.apache.catalina.webresources.FileResourceSet" webAppMount="/WEB-INF/lib/spring-webmvc-5.3.25.jar"/>
    <PostResources base="/Users/yeji/.m2/repository/jstl/jstl/1.2/jstl-1.2.jar" className="org.apache.catalina.webresources.FileResourceSet" webAppMount="/WEB-INF/lib/jstl-1.2.jar"/>
    <PostResources base="/Users/yeji/.m2/repository/org/mariadb/jdbc/mariadb-java-client/3.0.8/mariadb-java-client-3.0.8.jar" className="org.apache.catalina.webresources.FileResourceSet" webAppMount="/WEB-INF/lib/mariadb-java-client-3.0.8.jar"/>
  </Resources>
</Context>
