<?xml version="1.0" encoding="UTF-8" ?>
<!DOCTYPE mapper PUBLIC "-//mybatis.org//DTD Mapper 3.0//EN" "http://mybatis.org/dtd/mybatis-3-mapper.dtd">

<mapper namespace="user">
	<select id="findByEmailAndPassword" resultType="uservo" parameterType="map">
		<![CDATA[
			select no, name 
				from user 
			where email = #{email }
				and password = password(#{password })
		]]>
	</select>
	
	<select id="findByNo" resultType="uservo" parameterType="long">
		<![CDATA[
			select no, name, email, gender 
				from user
			where no = #{no }
		]]>
	</select>
	
	<insert id="insert" parameterType="uservo">
		<![CDATA[
			insert
				into user
			values(null, #{name }, #{email }, password(#{password }), #{gender }, current_date())
		]]>
		
		<selectKey keyProperty="no" resultType="long" order="AFTER">
			<![CDATA[
				select last_insert_id();
			]]>
		</selectKey>
	</insert>
	
	<!-- 동적 쿼리 -->
	<update id="update" parameterType="uservo">
		<choose>
			<when test = 'password == ""'>
				<![CDATA[
					update user 
						set name = #{name }, gender = #{gender } where no = #{no }
				]]>
			</when>
			
			<otherwise>
				<![CDATA[
					update user 
						set name = #{name }, gender = #{gender }, password = password(#{password }) where no = #{no }
				]]>
			</otherwise>
		</choose>	
	</update>
</mapper>