<?xml version="1.0" encoding="UTF-8"?>
<beans xmlns="http://www.springframework.org/schema/beans"
       xmlns:xsi="http://www.w3.org/2001/XMLSchema-instance"
       xmlns:aop="http://www.springframework.org/schema/aop"
       xmlns:context="http://www.springframework.org/schema/context"
       xsi:schemaLocation="http://www.springframework.org/schema/beans http://www.springframework.org/schema/beans/spring-beans.xsd
        http://www.springframework.org/schema/aop http://www.springframework.org/schema/aop/spring-aop.xsd
        http://www.springframework.org/schema/context http://www.springframework.org/schema/context/spring-context.xsd
        http://www.springframework.org/schema/jee http://www.springframework.org/schema/jee/spring-jee.xsd
        http://www.springframework.org/schema/lang http://www.springframework.org/schema/lang/spring-lang.xsd
        http://www.springframework.org/schema/tx http://www.springframework.org/schema/tx/spring-tx.xsd
        http://www.springframework.org/schema/util http://www.springframework.org/schema/util/spring-util.xsd
        http://www.springframework.org/schema/task http://www.springframework.org/schema/task/spring-task.xsd">
	<!-- auto proxy -->
	<aop:aspectj-autoproxy />
	
	<!-- Connection Pool DataSource-->
	<bean id="dataSource" class="org.apache.commons.dbcp.BasicDataSource">
		<property name="driverClassName" value="org.mariadb.jdbc.Driver" />
		<property name="url" value="jdbc:mariadb://192.168.64.9:3307/webdb?charset=utf8" />
		<property name="username" value="webdb" />
		<property name="password" value="webdb" />
	</bean>

	<!-- SqlSessionFactory --> 
	<bean id="sqlSessionFactory" class="org.mybatis.spring.SqlSessionFactoryBean"> 
		<property name="dataSource" ref="dataSource" /> 
		<property name="configLocation" value="classpath:mybatis/configuration.xml" /> 
	</bean>
	
	<!-- SqlSession -->
	<bean id="sqlSession" class="org.mybatis.spring.SqlSessionTemplate">
		<constructor-arg ref="sqlSessionFactory" />
	</bean>
	
	<context:annotation-config />
	<context:component-scan base-package="com.poscodx.mysite.service, com.poscodx.mysite.repository, com.poscodx.mysite.aspect">
		<context:include-filter type="annotation" expression="org.springframework.stereotype.Repository" />
		<context:include-filter type="annotation" expression="org.springframework.stereotype.Service" />
		<context:include-filter type="annotation" expression="org.springframework.stereotype.Component" />			
	</context:component-scan>
</beans>