<?xml version="1.0" encoding="UTF-8"?>
<beans
	xmlns:xsi="http://www.w3.org/2001/XMLSchema-instance"
	xmlns:aop="http://www.springframework.org/schema/aop" 
	xmlns="http://www.springframework.org/schema/beans"
	xmlns:p="http://www.springframework.org/schema/p" 
	xmlns:context="http://www.springframework.org/schema/context"
	xmlns:mvc="http://www.springframework.org/schema/mvc"
	xsi:schemaLocation="http://www.springframework.org/schema/mvc http://www.springframework.org/schema/mvc/spring-mvc.xsd
	http://www.springframework.org/schema/aop http://www.springframework.org/schema/aop/spring-aop.xsd
	http://www.springframework.org/schema/beans http://www.springframework.org/schema/beans/spring-beans.xsd
	http://www.springframework.org/schema/context http://www.springframework.org/schema/context/spring-context.xsd">
	<!-- auto proxy -->
	<aop:aspectj-autoproxy />
	
	<!-- 
		Validator
		Default Servlet Handler
		Message Converter
		Argument Resolver
	 -->
	<mvc:annotation-driven />

	<!-- Default Servlet Handler -->
	<mvc:default-servlet-handler/>

	<!-- View Resolver -->
	<bean id="viewResolver" class="org.springframework.web.servlet.view.InternalResourceViewResolver">
	   <property name="viewClass" value="org.springframework.web.servlet.view.JstlView" />
	   <property name="prefix" value="/WEB-INF/views/" />
	   <property name="suffix" value=".jsp" />
	</bean>

	<context:annotation-config />
	<context:component-scan base-package="com.poscodx.mysite.controller, com.poscodx.mysite.exception" />
</beans>